total,total
mean,median
564174.2233766168,346233.01884551125
649061.3222697692,435581.4042420008
